{"cameraMode":{"drawMode":0,"name":"Shaded","section":"Shading Mode"},"sceneLighting":false,"audioPlay":false,"sceneViewState":{"m_AlwaysRefresh":false,"showFog":true,"showSkybox":false,"showFlares":true,"showImageEffects":true,"showParticleSystems":true,"showVisualEffectGraphs":true,"m_FxEnabled":true},"in2DMode":false,"pivot":{"x":0.0018189549446105958,"y":0.6175389289855957,"z":0.00663737952709198},"rotation":{"x":-0.0922420471906662,"y":0.8945847749710083,"z":-0.21749691665172578,"w":-0.3793846368789673},"size":1.649288296699524,"orthographic":true}