{"cameraMode":{"drawMode":0,"name":"Shaded","section":"Shading Mode"},"sceneLighting":false,"audioPlay":false,"sceneViewState":{"m_AlwaysRefresh":false,"showFog":false,"showSkybox":false,"showFlares":false,"showImageEffects":false,"showParticleSystems":false,"showVisualEffectGraphs":true,"m_FxEnabled":true},"in2DMode":false,"pivot":{"x":0.014555931091308594,"y":4.941892623901367,"z":0.0531160831451416},"rotation":{"x":-0.10507762432098389,"y":-0.15036702156066895,"z":0.016075601801276208,"w":-0.9829109907150269},"size":7.523422718048096,"orthographic":true}